Ticket ID,Title,Sprint,Priority,Labels,Estimate (hours),Status,Depends On,Description,Key Acceptance Criteria
TICKET-001,Repository Audit & CSS Analysis,Sprint 0: Foundation,BLOCKER,"🔴 BLOCKER, 📋 AUDIT",1-2,Not Started,,"Get repo access and perform comprehensive audit of current state","Repo access obtained | CSS file structure documented | Import chains mapped | Duplicate styles identified | Mobile-first assessment complete | Findings document created"
TICKET-002,Create GitHub Project & Issue Templates,Sprint 0: Foundation,MEDIUM,"🟢 MEDIUM, 📋 ADMIN",0.5,Not Started,,"Set up project management infrastructure","GitHub project created | Issue templates defined | Milestones created | Labels configured | Ticket list converted to issues"
TICKET-031,Astro Framework Best Practices Audit,Sprint 0: Foundation,BLOCKER,"🔴 BLOCKER, ⚡ PERFORMANCE",6-8,Not Started,TICKET-001,"Leverage Astro's full capabilities for performance","View Transitions API implemented | Islands architecture optimized | Static generation confirmed | Image optimization with Astro | CSS scoped properly | Prefetching configured | Lighthouse 95+ mobile | Documentation created"
TICKET-003,Refactor Search Widget CSS,Sprint 1: CSS & Colors,BLOCKER,"🔴 BLOCKER, 🎨 DESIGN, 📱 MOBILE",3-4,Not Started,"TICKET-001, TICKET-031","Remove bright green, use retro-common classes, mobile-first","Replace with .retro-btn-search and .retro-input | Use proper colors (#39ff14, #d4a574) | Full-width buttons mobile (44px touch) | Stack vertically mobile | Test actual devices | No regressions"
TICKET-004,Consolidate Home Page CSS,Sprint 1: CSS & Colors,BLOCKER,"🔴 BLOCKER, 🎨 DESIGN, 📱 MOBILE",4-5,Not Started,"TICKET-001, TICKET-031","Move reusable styles to shared files, mobile-first","Move duplicates to retro-common | Use .retro-card class | 4-color border rotation | Single column mobile | Touch-friendly spacing | 16px minimum text | Reduce CSS 30%+ | Test all viewports"
TICKET-005,Site-Wide Color Audit & Cleanup,Sprint 1: CSS & Colors,BLOCKER,"🔴 BLOCKER, 🎨 DESIGN",4-6,Not Started,"TICKET-003, TICKET-004","Remove all non-standard colors across site","Search for non-retro-colors | Replace with CSS variables | Document exceptions | Verify dark mode consistency | Verify light mode consistency | Test mobile and desktop"
TICKET-006,Page Header Standardization,Sprint 1: CSS & Colors,HIGH,"🟡 HIGH, 🎨 DESIGN, 📱 MOBILE",2-3,Not Started,TICKET-001,"Ensure all pages use .retro-page-header correctly","Add to all pages | Verify h1 colors | Verify subtitle colors | Scale down on mobile | Adequate mobile padding | Breadcrumbs wrap/scroll | Gradient behavior correct | Consistent spacing"
TICKET-032,Refine Light Mode Colors,Sprint 1: CSS & Colors,BLOCKER,"🔴 BLOCKER, 🎨 DESIGN",4-5,Not Started,"TICKET-001, TICKET-005","Update light mode with boat racing stripe colors","Update retro-colors.css | Warm cream #f2ebe0 bg | Orange #e85d2a for CTAs | Red #c41e1a accents | Charcoal #3a3a3a headers | Black #1a1a1a text/borders | Apply consistently | Test all pages | Compare with boat photos"
TICKET-033,Light Mode Vintage Ad Aesthetic,Sprint 1: CSS & Colors,BLOCKER,"🔴 BLOCKER, 🎨 DESIGN",8-10,Not Started,"TICKET-032, TICKET-005","Make light mode look like 1980s fishing magazine ad","Bold ALL CAPS headlines | Catalog-style grids | Thick/double borders (3-4px) | Starbursts for NEW/POPULAR | High contrast print-friendly | Large bold numbers for stats | Orange/red accents | Charcoal headers | Cream backgrounds | NOT metallic effects | Test outdoor readability"
TICKET-007,CSS Usage Documentation,Sprint 1: CSS & Colors,MEDIUM,"🟢 MEDIUM, 📋 DOCS",1-2,Not Started,TICKET-005,"Document CSS architecture and patterns","Architecture guide written | Mobile-first documented | When to use retro-common | When custom CSS acceptable | Color variable conventions | Usage examples | Responsive breakpoints | Add to README"
TICKET-008,Fix Location Search Hang Bug,Sprint 2: Bug Fixes,BLOCKER,"🔴 BLOCKER, 🐛 BUG, 📱 MOBILE",2-3,Not Started,,"Location search hangs on second use","Reproduce on mobile/desktop | Root cause identified | Geolocation state resets | Event listener cleanup | Test multiple uses | Test rapid tapping | Test iOS Safari and Chrome Android | No console errors"
TICKET-009,Fix Fish Species API on Staging,Sprint 2: Bug Fixes,BLOCKER,"🔴 BLOCKER, 🐛 BUG",2-4,Not Started,,"API works locally but fails on staging","Debug console errors | Verify env variables | Check endpoint URLs | Test API from staging | Review build logs | Confirm data displays | Test mobile browsers | Document fix"
TICKET-010,Dark Mode Map Switching,Sprint 2: Bug Fixes,BLOCKER,"🔴 BLOCKER, 📱 MOBILE",4-5,Not Started,,"Maps don't switch to dark tiles","Dark mode: dark-v11 | Light mode: outdoors-v12 | Switch on theme toggle | Zoom 14.5 both modes | 300px mobile, 400px desktop | Touch-friendly controls | Center properly mobile | Theme markers | Debounce 300-500ms | Test devices"
TICKET-011,Spot Page Base Layout,Sprint 3: Spot Pages,BLOCKER,"🔴 BLOCKER, 🎨 DESIGN, 📱 MOBILE",8-10,Not Started,"TICKET-031, TICKET-033","Terminal-style spot page, mobile-first","MOBILE: Full-width map (300px), GPS stacked, single column, 44px touch targets | DESKTOP: 400px map, side-by-side buttons, 2-3 column grids | Use .retro-section | Terminal >> SECTION headers | Leverage Astro SSG | Test devices | Both themes"
TICKET-012,Spot Page Interactivity,Sprint 3: Spot Pages,BLOCKER,"🔴 BLOCKER, 📱 MOBILE",4-5,Not Started,"TICKET-011, TICKET-031","JavaScript with Astro islands","GPS client:load | Map client:idle | Species client:visible | Large success message mobile | Haptic feedback | Directions opens Maps app mobile | Map renders on slow devices | Touch gestures work | Test devices | JS bundle <50kb"
TICKET-013,I Fish Here Relevancy System,Sprint 3: Spot Pages,BLOCKER,"🔴 BLOCKER, 📱 MOBILE",6-8,Not Started,TICKET-011,"Community engagement for spot relevancy","Large button mobile (44px, full-width) | Haptic feedback | Terminal styling | Backend: store check-ins | Rate limit: 1/week | Time decay 0.95^days | Display aggregated | Update daily | Boost in search | Anonymous or account | Desktop: smaller inline"
TICKET-014,Species Voting System,Sprint 3: Spot Pages,BLOCKER,"🔴 BLOCKER, 📱 MOBILE",8-10,Not Started,TICKET-011,"Community species reporting via voting","Large buttons (44px, 2-3 columns mobile) | Common species first | Terminal aesthetic | Rate limit: 1/week | Backend: store votes | Time decay | Display confidence levels | Show last report | Mix state/community data | Clear labels | Desktop: 3-4 columns | NO photos/reports/sizes"
TICKET-015,Make Spot Cards Clickable,Sprint 4: Listings,BLOCKER,"🔴 BLOCKER, 🎨 DESIGN, 📱 MOBILE",4-5,Not Started,,"Improve card interactions for touch","Full-width mobile | Touch feedback (scale down) | No hover-only interactions | Large tap targets | Arrow always visible mobile | Active state | Entire card clickable | Focus indicator | Test all contexts | Test touch devices | prefers-reduced-motion"
TICKET-016,Unified Listing Page Layout,Sprint 4: Listings,BLOCKER,"🔴 BLOCKER, 🎨 DESIGN, 📱 MOBILE",8-10,Not Started,TICKET-015,"Standard template for listings, mobile-optimized","MOBILE: Single column, collapsible filters, sticky button, infinite scroll | DESKTOP: 2-3 columns, sidebar filters, pagination | Terminal headers | Result count | Use .retro-grid-spots | Enhanced cards | Empty/loading states | Apply to all listing pages | Test devices"
TICKET-017,Search-to-Results Animations,Sprint 4: Listings,HIGH,"🟡 HIGH, ⚡ PERFORMANCE, 📱 MOBILE",4-6,Not Started,"TICKET-016, TICKET-031","Use Astro View Transitions for smooth nav","Use Astro View Transitions API | Morph: widget → header | Lighter on mobile | Respect device performance | Loading states and messages | Widget fade out | Header fade in | Count animates | Cards cascade (6 mobile, 9 desktop) | ~1 second total | Back nav smooth | Skeleton if >500ms | Test devices | prefers-reduced-motion | Fallback for old browsers"
TICKET-018,Spot Submission Form,Sprint 5: User Submissions,BLOCKER,"🔴 BLOCKER, 📱 MOBILE",8-10,Not Started,,"User spot submission, mobile-optimized","Route: /submit-spot | MOBILE: Full-width, large inputs, stacked, map picker touch, autocomplete, sticky submit, validate on blur | DESKTOP: Two-column, side-by-side | Terminal-styled | Required: name, location, public checkbox | Optional: water body, amenities, notes | Location: address/coords/tap map | Validation: public required, bounds check, duplicate detection | Preview → confirm → thanks | Test devices"
TICKET-019,Submission Review Pipeline,Sprint 5: User Submissions,BLOCKER,"🔴 BLOCKER",6-8,Not Started,,"Admin interface for reviewing submissions","Review queue | Map view | Duplicate detection | Approve/Reject/Edit | Moderation notes | Mobile admin optional (desktop-first) | Log rejection reasons | Add approved spots | Flag user-submitted | Community badge | Email notifications | Test flow"
TICKET-020,Duplicate Detection System,Sprint 5: User Submissions,HIGH,"🟡 HIGH",4-5,Not Started,TICKET-018,"Prevent duplicate submissions","Check 100m radius | Show nearby during submit | Same spot confirmation | Allow override if different | Admin merge duplicates | Log attempts"
TICKET-021,Implement SEO Basics,Sprint 6: SEO & Polish,HIGH,"🟡 HIGH",4-5,Not Started,,"Essential SEO infrastructure","Meta titles all pages | Meta descriptions with near me | Schema markup (TouristAttraction) | XML sitemap | Google Search Console | robots.txt | Canonical, OG, Twitter cards | Mobile meta tags | Test Rich Results"
TICKET-022,Performance Optimization,Sprint 6: SEO & Polish,HIGH,"🟡 HIGH, ⚡ PERFORMANCE, 📱 MOBILE",6-8,Not Started,,"Fast load times on mobile networks","<3s on 3G | Lighthouse 90+ mobile | Core Web Vitals pass | Images optimized | CSS/JS minified | Fonts optimized | Reduce bundle size | Test slow connections | Monitor real metrics"
TICKET-023,Accessibility Audit,Sprint 6: SEO & Polish,HIGH,"🟡 HIGH, 📱 MOBILE",4-5,Not Started,,"Ensure accessible on all devices","Touch 44px min | Pinch zoom enabled | WCAG AA contrast | Keyboard nav | Screen reader tested (VoiceOver, TalkBack) | Focus indicators | Alt text | Form labels | Skip links | Semantic HTML | ARIA | Test with assistive tech"
TICKET-024,Branding & Marketing Strategy,Sprint 7: Launch Prep,HIGH,"🟡 HIGH",4-6,Not Started,,"Plan and execute launch marketing","Brand voice/messaging | Social media accounts | YouTuber outreach: 20-30 channels, pitch email, value prop, early access | Reddit strategy | Facebook groups | Press release | Launch announcement | Email beta users"
TICKET-025,Analytics & Tracking Setup,Sprint 7: Launch Prep,HIGH,"🟡 HIGH",3-4,Not Started,,"Set up analytics to measure success","GA4 installed | Event tracking: searches, views, I Fish Here, species, submissions, directions | Mobile events | Funnels defined | Dashboard | Privacy policy | Cookie consent | Test all events"
TICKET-026,Pre-Launch Testing Checklist,Sprint 7: Launch Prep,BLOCKER,"🔴 BLOCKER",4-6,Not Started,ALL PREVIOUS,"Comprehensive testing before launch","ALL tickets completed | Mobile: iPhone (iOS Safari), Android (Chrome, Samsung), 320-428px | Desktop: Chrome, Firefox, Safari, Edge, 1024-2560px | All flows work | No errors/404s | Forms/maps/theme work | Lighthouse 90+ | SEO in place | Analytics working | Staging tested | READY FOR LAUNCH"
